tier,herb_canonical_latin,mechanism,obs,expected,row_total,col_total,N_tier,OR_raw,OR_ha,log2_OR_ha,p,q,classification
species,Hypericum perforatum,CYP_induction,39,9.563829787234043,58,124,752,14.706501547987616,14.440095966411755,3.852008425049169,8.614243105743067e-20,4.4104924701404504e-17,strong_enrichment
species,Andrographis paniculata,CYP_inhibition,13,4.691489361702128,18,196,752,7.828415300546448,7.377012633143424,2.883036706274341,4.39667061912804e-05,0.010867023637514047,strong_enrichment
species,Curcuma longa,antagonistic_efficacy,3,0.12367021276595745,31,3,752,inf,177.21052631578948,7.46932049238406,6.367396662605887e-05,0.010867023637514047,weak_sig
species,Piper nigrum,CYP_inhibition,9,2.867021276595745,11,196,752,13.331550802139038,11.237866666666667,3.4902962833346898,0.0001591326654469889,0.020368981177214578,strong_enrichment
species,Glycyrrhiza uralensis,UGT_inhibition,9,2.507978723404255,46,41,752,5.1233108108108105,5.257641025641026,2.394415642867518,0.00043339313916397734,0.0436432042351455,strong_enrichment
species,Bufo_bufo_gargarizans,receptor_synergism,6,1.2765957446808511,10,96,752,10.866666666666667,10.414364640883978,3.3805029210728215,0.0005114437996306113,0.0436432042351455,strong_enrichment
