tier,herb_family,mechanism,obs,expected,row_total,col_total,N_tier,OR_raw,OR_ha,log2_OR_ha,p,q,classification
family,Hypericaceae,CYP_induction,39,9.3451536643026,59,134,846,14.204210526315789,13.97203422296003,3.804470176459821,7.576220054229575e-20,2.909268500824157e-17,strong_enrichment
family,Animal_derived,receptor_synergism,6,1.2411347517730495,10,105,846,11.166666666666666,10.706309324399777,3.420389335291697,0.0004416642698803435,0.028266513272341982,strong_enrichment
family,Piperaceae,CYP_inhibition,9,3.198581560283688,11,246,846,11.354430379746836,9.576,3.259423152281415,0.0004088332111830053,0.028266513272341982,strong_enrichment
family,Acanthaceae,CYP_inhibition,13,5.23404255319149,18,246,846,6.639484978540772,6.259879306988514,2.6461348416806234,0.00016125551434759534,0.015480529377369153,strong_enrichment
family,Lamiaceae,transporter_modulation,13,5.159574468085107,97,45,846,3.4676339285714284,3.5270823850705506,1.8184752744158799,0.0008574420340645416,0.041157217635098,strong_enrichment
family,Lamiaceae,P-gp_inhibition,14,5.732860520094563,97,50,846,3.3406961178045513,3.394553359035354,1.7632217632492662,0.000756160569825985,0.041157217635098,strong_enrichment
