"metric","value","python_d2"
"alpha (Beta)",2.38189183979184,2.63
"C (constant)",0.596103472464961,NA
"R^2",0.960001095113639,0.957
"p-value (vs 2.0)",0.00536475017161091,NA
